Product,Active Ingredient / Descriptor,Category Section,Category,Subcategory,Vendor,Size,Status,Source URL,Price,Unit Price
SpeedZone,"2,4-D + MCPP + Dicamba + Carfentrazone-ethyl",Lawn Care,Herbicide,Broadleaf herbicide,,,Added from research,https://www.thelawnforum.com/threads/best-overall-broadleaf-spray.52508/,,
T-Zone SE,"2,4-D + Triclopyr + Dicamba + Sulfentrazone",Lawn Care,Herbicide,Broadleaf herbicide,,,Added from research,https://www.thelawnforum.com/threads/best-overall-broadleaf-spray.52508/,,
BRANDT Indicate 5,Acidifier / pH indicator,Lawn Care,Adjuvant,Acidifier / pH indicator,SiteOne,2.5 gal,,https://www.siteone.com/en/02009brn100-brandt-indicate-5-ph-indicator-acidifier-25-gal/p/585508,,$0/gal
Atrazine 4L,Atrazine,Lawn Care,Herbicide,Post-emergent,Seed World,2.5 gal,,https://www.seedworldusa.com/products/atrazine-4l-herbicide?_pos=1&_sid=5c52ff1d5&_ss=r,$45.95,$18.38/gal
Artavia 2 SC (Azoxy),Azoxystrobin,Lawn Care,Fungicide,Systemic fungicide,SiteOne,1 gal,Existing,,,$0/gal
Heritage TL,Azoxystrobin,Lawn Care,Fungicide,Systemic fungicide,Solutions Pest & Lawn,1 gal,,https://www.solutionsstores.com/heritage-tl-fungicide,$570.50,$570.5/gal
Headway G,Azoxystrobin + Propiconazole,Lawn Care,Fungicide,Broad-spectrum combination fungicide,SiteOne,2.5 gal,,https://www.greencastonline.com/products/headway-g-fungicide/turf,,$0/gal
Temprid FX,Beta-cyfluthrin + Imidacloprid,Pest Control,Insecticide,Dual-active residual concentrate,,,Added from research,https://www.domyown.com/roaches-c-2.html?page=all&srsltid=AfmBOorfpvhKgZ6htTUU0ZjmrPYZrek4tTJaov4WTVUjy3P00oA_jBc8,,
Atticus Talak,7.9% Bifenthrin,Pest Control,Insecticide,Residual pyrethroid,Amazon,1 gal,,https://www.amazon.com/Talak-Indoor-Outdoor-Insect-Control/dp/B0C83WSDGV/ref=sr_1_3?crid=1E3H5DVHO17C&dib=eyJ2IjoiMSJ9._fySnC3qWtKAg0mHt0Cq20EaQ82MlBPZhNeQehDrAYkNIKG6WTAv9gYVVnfe7XxRO74tMnTY3n3-cBHNANOrroUg9969Ld4hw2v9KMlewATU2pWMoeU_E44ZP1kUCzekvavVxun1g2vhs9mgyqVPZyND36cIiVPdNEn-2J5EvelcIfR84JgAjDRMmnikO4tdSvqvDavbRnLqkCDDS0b_nw84ZSzPQtb8ELltYKGrE60.lNzSY5cmBixAdrcSYXjDxsd6006lmex_if3DUQGTCe4&dib_tag=se&keywords=Atticus+Talak&qid=1773737594&sprefix=atticus+talak%2Caps%2C141&sr=8-3,$41.57,$41.57/gal
Bifen I/T,7.9% Bifenthrin,Pest Control,Insecticide,Residual pyrethroid,Amazon,1 gal,,https://www.amazon.com/Bifenthrin-7-9-generic-Talstar-Gallon/dp/B00DGUY2LO/ref=sr_1_3?crid=1R6588LYEUAQR&dib=eyJ2IjoiMSJ9.aCkVRzOluk6tP5fTccK_mE3YU94CXyC16OYYCdYWl8JS0IyiCfbT1mrE91Ypxs6KZGzyA-I-8dp_HAmtLzCsgBT_s6mAFM7LWKfrNGqF3NDzRbOcg7UO6vU8FXwv-fp9LkjqSOv7-xyerkIdwNSjWMtYr02mY2xTYE40K-lFLXhkOrd3uoIqJGbyR2RmMt7KZR2FvamnEpyaju8FEzdQGtQZSvV6aH4OzaKtl4ragwA._bSpgTFuaWTln-1e97jLkqdII7YJ-L0wFBKE1dGZpVI&dib_tag=se&keywords=bifen+I%2FT&qid=1773737512&sprefix=bifen+i%2Ft%2Caps%2C140&sr=8-3,$41.08,$41.08/gal
LESCO Crosscheck Plus,7.9% Bifenthrin,Lawn Care,Insecticide,Residual pyrethroid,SiteOne,1 gal,https://www.siteone.com/en/11008364-nla-lesco-crosscheck-plus-liquid-insecticide-1-gal-tip-pour-container/p/357840,,$57.17,$57.17/gal
LESCO CarbonPro-L w/ MobilE,Carbon / biostimulant soil amendment,Lawn Care,Soil Amendment / Biostimulant,Liquid soil amendment / biostimulant,SiteOne,2.5 gal,,https://www.siteone.com/en/510894-25-lesco-carbonpro-l-w-mobilex-biostimulant-liquid-soil-amendment-25-gal-jug-qgcy/p/626428,$331.25,$132.5/gal
LESCO Chelated AM + Micros Turf & Ornamental Liquid Micronutrient,Chelated micronutrients,Shrub Care,Micronutrient Fertilizer,Chelated micronutrients,SiteOne,50 lb,Existing,,,$0/lb
Acelepryn Xtra,Chlorantraniliprole & Thiamethoxam,Lawn Care,Insecticide,Preventive grub control,SiteOne,30 fl oz,,https://www.siteone.com/en/79572-acelepryn-xtra-liquid-insecticide-30-fl-oz-bottle-agency/p/894924,$144.60,$4.82/oz
Durentis Insecticide,Chlorantraniliprole,Lawn Care,Insecticide,Grub / turf insecticide,TruGreen,Unknown,Added from TruGreen PDF,Uploaded PDF: TG_Jun26th2025_WO8077565889.pdf; TG_Aug28th2025_WO7547440444.pdf,,
LESCO Manicure 6FL Contact Fungicide,Chlorothalonil,Lawn Care,Fungicide,Contact fungicide,SiteOne,2.5 gal,Existing,,,$0/gal
LESCO Manicure 6FL Contact Fungicide,Chlorothalonil,Lawn Care,Fungicide,Contact fungicide,Seed World,2.5 gal,Existing,,,$0/gal
Arena 50 WDG,50% Clothianidin,Lawn Care,Insecticide,Systemic neonicotinoid,Seed World,2.5 lb,,https://www.seedworldusa.com/products/arena-50-wdg-insecticide-2-5-lbs?gad_source=1&gad_campaignid=21601829697&gbraid=0AAAAAD3Dzl2wZxfYiPEN0gurX4TnOra9a&gclid=Cj0KCQjw9-PNBhDfARIsABHN6-12UZlj65CIfehhm81lJiRU4mEMIgFkgvOpO9YOMPiax_39vNGgTp0aAqPgEALw_wcB,$515.95,$206.38/lb
Suspend SC,Deltamethrin,Pest Control,Insecticide,Residual pyrethroid,,,Added from research,https://www.domyown.com/carpenter-ant-control-c-1_177.html?features%5B10%5D=10&features%5B11%5D=11&filterlist=avgcustreview&page=all&price_range=60&rating=4&shipping=ready-to-ship&srsltid=AfmBOopHqv8lphspnmGqBTJtOxT0xCWuQR1q7azph_pbxT3KfNq7ClTb&state=76&to_mobile=true,,
Alpine WSG,Dinotefuran,Pest Control,Insecticide,Systemic neonicotinoid,Amazon,500 g,,https://www.amazon.com/dp/B01HK6DWUQ?ref=fed_asin_title&th=1,$163.56,
Onslaught Fastcap,Esfenvalerate + Prallethrin + Piperonyl butoxide,Pest Control,Insecticide,Fast knockdown / residual insecticide,Amazon,32 g,Existing,,,
Taurus SC,Fipronil,Termite Control,Termiticide / Insecticide,Non-repellent termiticide,SiteOne,78 oz,,https://www.siteone.com/en/82003599-taurus-sc-insecticide-78-oz-qgcy/p/282050,$95.00,$1.22/oz
Scion Insecticide,Gamma-yhalothrin,Pest Control,Insecticide,Residual pyrethroid,SiteOne,32 oz,Existing,,,$0/oz
Sedgehammer Plus Halosulfuron-Methyl 5% Post Emergent Soluble Herbicide,Halosulfuron-methyl,Lawn Care,Herbicide,Post-emergent sedge control,SiteOne,13.5 g,Existing,,,
Sedgehammer Halosulfuron-methyl 75% Post Emergent Soluble Herbicide,Halosulfuron-methyl,Lawn Care,Herbicide,Post-emergent sedge control,SiteOne,64 oz,Existing,,,$0/oz
Sedgehammer Halosulfuron-methyl 75% Post Emergent Soluble Herbicide,Halosulfuron-methyl,Lawn Care,Herbicide,Post-emergent sedge control,Intermountain Turf,1.33 oz,Existing,,,$0/oz
SedgeHammer Halosulfuron-methyl 75%,Halosulfuron-methyl,Lawn Care,Herbicide,Post-emergent sedge control,Chemical Warehouse,1.33 oz,Existing,,,$0/oz
Merit 2F,Imidacloprid,Lawn Care,Insecticide,Systemic neonicotinoid,SiteOne,1 gal,Existing,,,$0/gal
Quali-Pro,Imidacloprid 21.8%,Pest Control,Insecticide,Systemic neonicotinoid,Amazon,1 gal,Existing,,,$0/gal
Specticle Flo,Indaziflam,Lawn Care,Herbicide,Pre-emergent,SiteOne,1 gal,,https://www.siteone.com/en/d00000990-envu-specticle-flo-pre-emergent-liquid-herbicide-1-gal-jug-agency/p/969926,"$2,134.00",$2134/gal
Advion Ant Bait Gel,Indoxacarb,Pest Control,Insecticide,Ant bait gel,,,Added from research,https://www.reddit.com/r/AntControl/new/,,
Advion Evolution Cockroach Gel Bait,Indoxacarb,Pest Control,Insecticide,Cockroach bait gel,,,Added from research,https://www.domyown.com/roaches-c-2.html?page=all&srsltid=AfmBOorfpvhKgZ6htTUU0ZjmrPYZrek4tTJaov4WTVUjy3P00oA_jBc8,,
AXIOM MICROBLEND,Iron + sulfur + magnesium + manganese,Lawn Care,Micronutrient Fertilizer,Liquid micronutrient blend,TruGreen,Unknown,Added from TruGreen PDF,Uploaded PDF: TG_May15th2025_WO7547440373.pdf; TG_Jan29th2025_WO7547440364.pdf; TG_Feb28th2025_WO7547440367.pdf; TG_Apr10th2025_.pdf; TG_Jun23rd2025_WO7547440376.pdf; TG_Jun26th2025_WO8077565889.pdf; TG_Jul28th2025_WO7547440380.pdf; TG_Aug28th2025_WO7547440444.pdf,,
Tenacity Herbicide,Mesotrione,Lawn Care,Herbicide,Seeding / specialty post-emergent,,,Added from research,https://www.reddit.com/r/lawncare/comments/1eum6mv/mesotrionetenacity_and_overseeding/,,
QP MSM 60DF Turf Herbicide,Metsulfuron-methyl,Lawn Care,Herbicide,Post-emergent,Amazon,8 oz,Existing,,,$0/oz
Manor,Metsulfuron-methyl,Lawn Care,Herbicide,Post-emergent broadleaf / sedge herbicide,Seed World,2 oz,,https://www.seedworldusa.com/products/manor-herbicide-2-oz?_pos=1&_sid=00b7d3cfc&_ss=r,,$0/oz
Omni Supreme Spray Oil,Mineral Oil - 98%,Shrub Care,Adjuvant,Horticultural oil / spray oil,TruGreen,Unknown,Added from TruGreen PDF,Uploaded PDF: TG_May9th2025_.pdf; TG_Aug25th2025_WO7547438477.pdf,,
LESCO High Manganese Combo Chelated Micronutrients AM 1% Mg 5.75% S 3% Fe 4% Mn Micronutrient Liquid Soil Amendment,Mn + Fe + Mg + S,Lawn Care,Micronutrient Fertilizer,Micros + secondary nutrients,SiteOne,275 gal,Existing,,,$0/gal
LESCO High Manganese Combo AM 1% Mg 5.75% S 3% Fe 4% Mn Chelated Micronutrient Liquid Fertilizer,Mn + Fe + Mg + S,Lawn Care,Micronutrient Fertilizer,Micros + secondary nutrients,SiteOne,2.5 gal,Existing,,,$0/gal
Eagle 20EW Fungicide,Myclobutanil,Lawn Care,Fungicide,Systemic fungicide,,,Added from research,https://www.thelawnforum.com/threads/eagle-fungicide.2364/,,
LESCO Green Flo 6-0-0 10% Ca Turfgrass Liquid Fertilizer,Nitrogen + calcium,Lawn Care,Fertilizer,Liquid nitrogen + calcium,SiteOne,2.5 gal,Existing,,,$0/gal
LESCO Chelated Iron Plus 12-0-0 6% Fe 2% Mn All Purpose Liquid Fertilizer,Nitrogen + iron + manganese,Lawn Care,Fertilizer,Liquid nitrogen + micronutrients,SiteOne,2.5 gal,Existing,,,$0/gal
LESCO Chelated Iron Plus 12-0-0 2% Mn 6% Fe 4% S All Purpose Liquid Fertilizer,Nitrogen + iron + manganese,Lawn Care,Fertilizer,Liquid nitrogen + micronutrients,SiteOne,2.5 gal,Existing,,,$0/gal
LESCO Chelated Iron Plus 12-0-0 2% Mn 6% Fe 4% S All Purpose Liquid Fertilizer,Nitrogen + iron + manganese,Lawn Care,Fertilizer,Liquid nitrogen + micronutrients,SiteOne,2.5 gal,Existing,,,$0/gal
16-0-8 50% SRN,Nitrogen + potassium,Lawn Care,Fertilizer,Liquid NPK fertilizer,TruGreen,Unknown,Added from TruGreen PDF,Uploaded PDF: TG_May15th2025_WO7547440373.pdf; TG_Jan29th2025_WO7547440364.pdf; TG_Feb28th2025_WO7547440367.pdf; TG_Apr10th2025_.pdf,,
"8-0-10 50%SCU,2MG,2FE,2MN",Nitrogen + potassium + magnesium + iron + manganese,Shrub Care,Fertilizer,Tree & shrub granular fertilizer,TruGreen,Unknown,Added from TruGreen PDF,Uploaded PDF: Jan22nd2025_WO7547438464.pdf; TG_Mar21st2025_WO7547438467.pdf,,
LESCO 20-0-0 60% CRN Plus Micros Turfgrass Liquid Fertilizer,Nitrogen 20-0-0 + micros,Lawn Care,Fertilizer,Liquid nitrogen + micronutrients,SiteOne,2.5 gal,Existing,,,$0/gal
HexPro Termite Monitoring Baiting System,No Bait,Termite Control,Termite Monitoring,Monitoring stations,Amazon,10 Stations,Existing,,,
LESCO 90/10 Nonionic Surfactant,Nonionic surfactant,Lawn Care,Adjuvant,Nonionic surfactant,SiteOne,2.5 gal,Existing,,,$0/gal
LESCO 8-0-10 50% PolyPlus OPTI45 Spar-TECH 1% Fe 1% Mg 1% Mn 0.1% B KMAG Palm & Tropical Ornamental Granular Fertilizer,NPK 8-0-10 + micros,Tree & Shrub Care,Fertilizer,Granular ornamental fertilizer,SiteOne,50 lb,Existing,,,$0/lb
LESCO 8-2-12 100% Poly Plus OPTI Kieserite 4% Mg 9.26% S 0.15% B 0.05% Cu 0.15% Fe 2% Mn 0.15% Zn Palm & Tropical Ornamental Granular Fertilizer,NPK 8-2-12 + micros,Tree & Shrub Care,Fertilizer,Granular ornamental fertilizer,SiteOne,1 lb,Existing,,,$0/lb
ZOECON 10578 Gentrol Complete EC3 Insecticide and Growth Regulator,Nylar (pyriproxyfen) + Permethrin + Tetramethrin,Pest Control,Insect Growth Regulator,IGR concentrate,Amazon,1 pt,Existing,,,
0-0-15,Potassium,Lawn Care,Fertilizer,Liquid potash fertilizer,TruGreen,Unknown,Added from TruGreen PDF,Uploaded PDF: TG_Jun23rd2025_WO7547440376.pdf; TG_Jun26th2025_WO8077565889.pdf; TG_Aug28th2025_WO7547440444.pdf,,
0-0-60/62 GRANULAR POTASH,Potassium,Lawn Care,Fertilizer,Granular potash fertilizer,TruGreen,Unknown,Added from TruGreen PDF,Uploaded PDF: TG_Apr8th2025_WO7547440370.pdf,,
LESCO 0-0-18 Bio KMAG 1% Fe 1% Mg 1% Mn 2.17% S Organic Turf Granular Fertilizer,Potassium 0-0-18 + Fe/Mg/Mn/S,Lawn Care,Fertilizer,Granular potassium fertilizer,SiteOne,40 lb,Existing,,,$0/lb
LESCO K-Flow 0-0-25 17% S Turfgrass Liquid Fertilizer,Potassium 0-0-25 + sulfur,Lawn Care,Fertilizer,Liquid potassium fertilizer,SiteOne,1.33 oz,Existing,,,$0/oz
LESCO Green Flo Phyte Plus 0-0-26 + Micros Liquid Fertilizer,Potassium 0-0-26 + micros,Lawn Care,Fertilizer,Liquid potassium fertilizer,SiteOne,2.5 gal,Existing,,,$0/gal
LESCO 0-0-62 AM MOP Turfgrass Soluble Fertilize,Potassium chloride 0-0-62,Lawn Care,Fertilizer,Soluble potassium fertilizer,SiteOne,50 lb,Existing,,,$0/lb
LESCO Stonewall 4FL Prodiamine 40.7% Pre-Emergent Liquid Herbicide,Prodiamine,Lawn Care,Herbicide,Pre-emergent,SiteOne,2.5 gal,Existing,,,$0/gal
Prodiamine 65 WDG,Prodiamine,Lawn Care,Herbicide,Pre-emergent,Solutions Pest & Lawn,5 lb,,https://www.solutionsstores.com/prodiamine-65-wdg-barricade-herbicide,$68.43,$13.69/lb
Atticus Gunner,Propiconazole,Lawn Care,Fungicide,Systemic fungicide,Amazon,1 gal,Existing,,,$0/gal
Tekko Pro IGR,Pyriproxyfen & Novaluron,Pest Control,Insect Growth Regulator,IGR concentrate,Solutions Pest & Lawn,16 oz,Existing,,,$0/oz
Drive XLR8 Herbicide Crabgrass Killer,Quinclorac,Lawn Care,Herbicide,Post-emergent crabgrass control,,,Added from research,https://www.reddit.com/r/lawncare/comments/1me83a0/these_weeds_still_thriving_1_week_after_speedzone/,,
Anuew EZ Plant Growth Regulator,Seaweed extract / biostimulant PGR,Shrub Care,Soil Amendment / Biostimulant,Liquid soil amendment / biostimulant,SiteOne,2.5 gal,Existing,,,$0/gal
Conserve SC,Spinosad,Shrub Care,Insecticide,Biological / naturalyte insecticide,Forestry Distributing,1 qt,Existing,,,$0/qt
Dismiss NXT,Sulfentrazone,Lawn Care,Herbicide,Post-emergent sedge / broadleaf,SiteOne,64 oz,Existing,,,$0/oz
Dismiss NXT,Sulfentrazone,Lawn Care,Herbicide,Post-emergent sedge / broadleaf,Chemical Warehouse,64 oz,Existing,,,$0/oz
Certainty Turf Post Emergent Dry Herbicide,Sulfosulfuron,Lawn Care,Herbicide,Post-emergent,SiteOne,1.25 oz,Existing,,,$0/oz
Celsius WG,Thiencarbazone-methyl + Iodosulfuron-methyl-sodium + Dicamba,Lawn Care,Herbicide,Post-emergent,SiteOne,10 oz,,https://www.siteone.com/en/d00001204-celsius-wg-post-emergent-water-dispersible-granule-herbicide-10-oz-agency/p/1033922,$131.20,$13.12/oz
LESCO T-Storm Flowable Thiophanate-Methyl 46.2 Systemic Liquid Fungicide,Thiophanate-methyl,Lawn Care,Fungicide,Systemic fungicide,SiteOne,2.5 gal,Existing,,,$0/gal
LESCO T-Storm Flowable Thiophanate-Methyl 46.2 Systemic Liquid Fungicide,Thiophanate-methyl,Lawn Care,Fungicide,Systemic fungicide,Seed World,2.5 gal,Existing,,,$0/gal
Victor Expanded Trigger Rat Snap Trap,,Rodent Control,Rodent Control,Rat trap,Veseris,1 case,Existing,,,
Bayleton Flo,Triadimefon,Shrub Care,Fungicide,Systemic fungicide,TruGreen,Unknown,,Uploaded PDF: TG_May9th2025_.pdf; TG_Aug25th2025_WO7547438477.pdf,,
Armada 50 WDG,Trifloxystrobin + Triadimefon,Lawn Care,Fungicide,Systemic combination fungicide,Forestry Distributing,2 lb,Existing,,$134.95,$67.48/lb
Primo Maxx Plant Growth Regulator for Turf,Trinexapac-ethyl,Lawn Care,Plant Growth Regulator,Turf growth regulator,SiteOne,1 gal,Existing,,,$0/gal
Demand CS Insecticide,Lambda-cyhalothrin,Pest Control,Insecticide,Residual pyrethroid,,,Existing,,,
Chipco Signature,Fosetyl-Al,Lawn Care,Fungicide,Systemic / phosphite fungicide,,,Existing,,,
Banol Fungicide,Propamocarb,Lawn Care,Fungicide,Systemic fungicide,,,Existing,,,
Permethrin SFR,Permethrin 36.8%,Pest Control,Insecticide,,,1 gal,,,,$0/gal
Bifen XTS,,,,,,,,,,
LESCO 24-0-11 with PolyPlus OPTI,,,,,,,,,,
PGF Complete 16-4-8,,,,,,,,,,
LESCO Chelated Iron Plus,,,,,,,,,,
Barricade 65WG,,,,,,,,,,
Compass Fungicide,,,,,,,,,,
Hydretain Liquid,,,,,,,,,,
Preference Nonionic Surfactant,,,,,,,,,,
Dylox 420 SL T&O Insecticide,Trichlorfon,Lawn Care,Insecticide,Rescue / curative insecticide,SiteOne,2.5 gal,Existing,,$437.28,
LESCO 8-2-12 100% Poly Plus OPTI Kieserite 4% Mg 9.26% S 0.15% B 0.05% Cu 0.15% Fe 2% Mn 0.15% Zn Palm & Tropical Ornamental Granular Fertilizer,NPK + Mg + S + micros,Tree & Shrub Care,Fertilizer,Granular ornamental fertilizer,SiteOne,50 lb,Existing,,$44.59,
Heritage Action Fungicide,Azoxystrobin,Lawn Care,Fungicide,Systemic fungicide,SiteOne,1 lb,Existing,,$386.00,
LESCO CarbonPro-L w/ MobilEX Biostimulant Liquid Soil Amendment,Biostimulant / soil amendment,Lawn Care,Soil Amendment / Biostimulant,Liquid soil amendment / biostimulant,SiteOne,2.5 gal,Existing,,$331.25,
LESCO K-Flow 0-0-25 17% S Turfgrass Liquid Fertilizer,Potassium + sulfur,Lawn Care,Fertilizer,Liquid potassium fertilizer,SiteOne,2.5 gal,Existing,,$38.02,
Dimension 2EW Dithiopyr 24% Pre-Emergent Liquid Herbicide,Dithiopyr,Lawn Care,Herbicide,Pre-emergent,SiteOne,64 oz,Existing,,$139.50,
Acelepryn Xtra Liquid Insecticide,Chlorantraniliprole & Thiamethoxam,Lawn Care,Insecticide,Preventive grub control,SiteOne,30 fl oz,Existing,,$144.60,
Fusilade II Fluazifop-P-Butyl 24.5% Post Emergent Liquid Herbicide,Fluazifop-P-butyl,Lawn Care,Herbicide,Post-emergent grass control,SiteOne,32 fl oz,Existing,,$130.03,
Fusilade II Post Emergent Liquid Herbicide,Fluazifop-P-butyl,Lawn Care,Herbicide,Post-emergent grass control,SiteOne,2.5 gal,Existing,,"$1,422.95",
Heritage TL Fungicide,Azoxystrobin,Lawn Care,Fungicide,Systemic fungicide,SiteOne,1 gal,Existing,,$614.00,
Headway Fungicide,Azoxystrobin + Propiconazole,Lawn Care,Fungicide,Broad-spectrum combination fungicide,SiteOne,1 gal,Existing,,$547.00,
Acelepryn Xtra Liquid Insecticide,Chlorantraniliprole & Thiamethoxam,Lawn Care,Insecticide,Preventive grub control,SiteOne,2.5 gal,Existing,,"$1,545.00",
Recognition Post Emergent Herbicide,Trifloxysulfuron-sodium + Mesotrione,Lawn Care,Herbicide,Post-emergent,SiteOne,1.95 oz,Existing,,$177.45,
Envu Specticle Flo Pre-Emergent Liquid Herbicide,Indaziflam,Lawn Care,Herbicide,Pre-emergent,SiteOne,18 oz,Existing,,$325.18,
Tenacity Post Emergent Liquid Herbicide,Mesotrione,Lawn Care,Herbicide,Seeding / specialty post-emergent,SiteOne,1 gal,Existing,,$933.75,
LESCO Elite 0-0-28 AM 7.5% Fe 6.5% Mn 9% S Turfgrass Granular Fertilizer,Potassium + iron + manganese + sulfur,Lawn Care,Fertilizer,Granular potassium fertilizer,SiteOne,50 lb,Existing,,$92.78,
Arborjet Ima-Jet Systemic Insecticide,Imidacloprid,Tree & Shrub Care,Insecticide,Systemic injectable insecticide,SiteOne,1 L,Added from SiteOne,,$295.00,
Shortstop 2SC Plant Growth Regulator for Trees & Shrubs,Paclobutrazol,Tree & Shrub Care,Plant Growth Regulator,Tree & shrub growth regulator,SiteOne,1 gal,Added from SiteOne,,$425.00,
Arborjet Tree-Age G-4 Injectable Insecticide,Emamectin benzoate,Tree & Shrub Care,Insecticide,Injectable insecticide,SiteOne,1 qt,Added from SiteOne,,$476.00,
Arborjet Palm-Jet Palm Nutrition,Palm micronutrient / nutrition injection,Tree & Shrub Care,Fertilizer,Palm nutrition,SiteOne,1 L,Added from SiteOne,,$125.63,
ArborJet Tree-Age R10 Insecticide,Emamectin benzoate,Tree & Shrub Care,Insecticide,Injectable insecticide (RUP),SiteOne,1 pt,Added from SiteOne,,$562.00,
Zylam Insecticide,Dinotefuran,Tree & Shrub Care,Insecticide,Systemic insecticide,SiteOne,1 qt,Added from SiteOne,,$141.00,
LESCO Moisture Manager,Humectants + non-ionic surfactant,Lawn Care,Soil Moisture Management Aid,Soil conditioner / humectant,SiteOne,2.5 gal,Added from SiteOne,,$155.99,
LESCO CarbonPro-L w/ MobilEX Biostimulant Liquid Soil Amendment,"Humic acids, fulvic acids, MobilEX biostimulant",Lawn Care,"Soils, Mulch & Amendments",Liquid soil amendment / biostimulant,SiteOne,1 gal,Added from SiteOne,,$134.50,
Dispatch Sprayable Wetting Agent,Alkoxylated polyols + glucoethers,Lawn Care,Soil Surfactant,Sprayable wetting agent,SiteOne,2.5 gal,Added from SiteOne,,$307.75,
Tetrino Insecticide,Tetraniliprole,Lawn Care,Insecticide,Subsurface / systemic insecticide,SiteOne,1 gal,Added from SiteOne,,$580.80,
BASF Pillar SC Intrinsic Brand Fungicide,Triticonazole + Pyraclostrobin,Lawn Care,Fungicide,Broad-spectrum turf & ornamental fungicide,SiteOne,43.5 oz,Added from SiteOne,,$244.15,
